words,links,capital_words,spam_word_count,is_spam
400,10,27,10,1
286,0,9,1,0
641,1,8,7,1
310,0,2,8,1
900,7,17,5,1
167,9,9,4,1
351,10,7,4,1
65,3,2,7,1
163,3,5,9,1
168,1,2,0,0
281,1,2,1,0
93,4,0,6,0
317,0,1,1,0
153,5,13,3,1
96,0,3,1,0
30,0,2,4,0
270,1,3,0,0
29,4,2,0,0
497,6,2,4,1
106,1,0,0,0
158,2,21,1,1
258,0,3,2,0
125,1,0,0,0
58,3,1,10,1
871,3,10,8,1
169,2,3,3,0
260,1,1,0,0
560,1,3,8,1
106,0,3,0,0
33,1,2,2,0
37,1,9,1,0
138,0,3,0,0
958,7,26,7,1
162,3,3,5,0
880,1,17,7,1
112,2,2,0,0
134,2,22,9,1
70,2,5,2,0
223,0,0,0,0
52,2,3,0,0
121,0,27,4,1
672,5,23,4,1
244,2,2,2,0
281,2,4,6,1
137,2,30,10,1
429,2,2,1,0
137,0,3,1,0
330,2,0,2,1
126,1,2,1,0
139,6,3,7,1
133,4,23,3,1
583,4,19,4,1
201,1,0,2,0
650,6,17,9,1
559,10,21,10,1
27,0,1,2,0
94,1,2,0,0
742,7,6,3,1
100,0,2,6,0
629,4,8,3,1
111,2,0,2,0
782,6,6,8,1
351,1,0,0,0
438,7,5,6,1
261,2,2,2,0
161,4,8,8,1
672,6,16,7,1
143,5,26,4,1
239,2,2,2,0
149,3,25,6,1
272,2,3,0,0
619,2,29,8,1
236,8,19,7,1
165,1,1,1,0
234,1,0,2,0
300,1,4,1,0
823,5,9,9,1
349,7,4,1,1
76,1,2,0,0
577,4,27,9,1
220,2,1,1,0
94,1,2,2,0
250,0,2,2,0
453,1,7,0,1
269,5,2,1,0
161,0,1,2,0
992,2,7,1,1
202,2,2,0,0
955,5,11,5,1
226,2,2,0,0
699,7,7,6,1
132,0,1,0,0
56,0,2,1,0
271,2,4,0,0
216,0,8,2,0
112,1,2,0,0
843,10,3,5,1
66,1,3,2,0
827,1,26,10,1
218,1,2,2,0
188,3,5,4,1
656,9,13,3,1
888,2,4,3,1
865,7,10,8,1
694,5,11,1,1
278,2,7,7,1
231,3,9,9,1
113,6,18,3,1
611,4,22,4,1
275,0,1,0,0
208,7,15,10,1
647,2,11,1,1
534,1,29,3,1
280,0,2,6,0
67,5,2,2,0
82,6,22,1,1
195,4,0,2,0
106,7,11,1,1
897,8,25,2,1
124,9,7,6,1
189,2,3,1,0
853,2,25,1,1
824,1,0,8,1
145,1,3,0,0
89,2,2,2,0
706,1,6,4,1
230,0,1,0,0
130,5,13,4,1
31,1,2,1,0
120,1,5,0,0
231,1,2,6,0
267,5,2,1,0
600,8,15,6,1
255,1,1,0,0
381,3,24,3,1
394,9,3,8,1
574,10,21,7,1
519,6,5,10,1
174,2,2,3,0
402,2,3,2,0
820,3,20,6,1
344,8,14,4,1
256,3,23,4,1
232,1,2,2,0
121,8,10,8,1
214,3,2,1,0
99,0,0,2,0
195,2,28,3,1
433,1,2,2,0
207,0,8,1,0
138,5,8,7,1
717,5,30,4,1
446,0,2,0,0
430,7,5,9,1
113,2,9,2,0
982,6,8,8,1
146,4,12,7,1
445,1,2,1,0
76,1,15,4,1
182,1,0,0,0
252,0,0,1,0
253,0,0,2,0
174,1,28,6,1
334,3,27,6,1
696,7,30,3,1
432,9,14,3,1
106,2,5,10,1
255,4,1,4,0
82,4,5,3,1
294,2,3,5,0
131,0,2,0,0
39,0,0,1,0
31,2,2,0,0
891,3,18,4,1
68,1,1,6,0
189,2,2,2,0
190,10,1,4,1
34,2,6,2,0
354,2,2,1,0
985,3,10,3,1
445,2,3,2,0
212,0,4,0,0
103,0,1,0,0
68,1,3,0,0
127,2,30,4,1
116,2,24,1,1
150,1,1,0,0
868,7,5,7,1
474,1,2,2,0
178,1,1,1,0
53,2,0,2,0
316,3,0,7,1
153,1,2,0,0
721,5,19,1,1
88,2,18,8,1
292,1,0,1,0
199,2,22,4,1
194,10,27,5,1
660,6,4,7,1
96,1,0,0,0
468,7,20,0,1
101,2,3,1,0
294,7,27,3,1
90,2,8,1,0
30,0,0,2,0
81,6,3,2,1
207,0,3,1,0
29,2,3,5,0
202,2,3,0,0
220,4,3,1,0
142,8,16,1,1
298,3,22,8,1
477,2,25,10,1
778,3,10,3,1
427,1,1,5,0
929,7,19,1,1
205,1,8,0,0
342,10,8,4,1
87,0,3,0,0
222,2,0,5,0
495,10,30,10,1
231,4,2,2,0
57,1,10,2,0
397,2,11,1,1
283,2,0,1,0
294,2,3,0,0
134,5,3,10,1
289,9,4,10,1
133,1,2,2,0
202,1,5,3,0
60,1,0,0,0
454,0,0,0,0
23,0,1,6,0
327,7,0,9,1
282,1,1,1,0
197,0,1,2,0
172,3,1,1,0
797,9,9,6,1
98,6,3,6,1
211,1,2,4,0
350,6,3,5,1
422,5,23,7,1
128,1,24,1,1
184,5,1,2,0
227,2,4,1,0
173,2,18,6,1
102,2,0,0,0
336,2,9,9,1
107,2,2,1,0
670,2,16,2,1
146,0,2,0,0
208,2,1,1,0
240,1,2,1,0
210,2,6,3,1
490,1,2,6,0
451,2,19,3,1
293,1,2,1,0
128,0,0,0,0
275,2,2,2,0
764,10,23,3,1
825,6,21,8,1
132,6,14,7,1
92,0,4,5,1
183,1,23,3,1
307,4,26,10,1
200,2,2,0,0
54,2,0,0,0
183,4,2,3,0
270,2,5,2,1
239,2,7,2,0
114,10,28,9,1
236,2,1,2,0
665,9,15,8,1
959,3,13,10,1
731,4,12,10,1
116,3,30,3,1
63,1,6,0,0
977,3,5,6,1
157,2,0,2,0
97,0,3,0,0
211,10,8,5,1
132,3,9,9,1
355,1,27,6,1
404,5,10,1,1
961,9,30,6,1
326,8,11,4,1
250,2,3,6,0
56,0,0,5,0
183,9,5,9,1
189,0,3,1,0
613,6,5,9,1
170,0,3,1,0
994,9,20,1,1
66,1,1,1,0
794,0,27,6,1
552,4,23,9,1
127,5,23,10,1
73,0,3,1,0
73,2,2,0,0
243,1,1,5,0
313,10,28,10,1
456,0,5,1,0
993,5,18,5,1
193,2,1,1,1
259,8,21,9,1
810,7,16,4,1
131,0,10,4,1
81,0,0,1,0
108,4,16,9,1
997,2,17,4,1
451,2,18,7,1
388,7,24,2,1
138,5,2,1,0
429,9,27,9,1
187,0,2,0,0
55,0,6,2,0
214,2,21,10,1
289,2,3,0,0
114,1,20,3,1
665,8,6,5,1
996,8,7,7,1
328,10,30,10,1
213,2,3,3,0
423,1,0,0,0
175,0,0,1,0
107,2,2,6,0
151,2,9,9,1
87,3,0,2,0
48,2,9,1,0
232,10,26,3,1
338,2,2,0,0
216,1,0,5,0
653,6,21,2,1
93,1,3,0,0
51,2,1,0,0
391,2,2,6,0
221,1,2,2,0
57,0,2,0,0
757,7,19,6,1
762,2,25,2,1
558,3,5,0,1
53,0,1,1,0
224,1,1,3,0
122,1,1,1,0
107,6,24,0,1
543,1,4,10,1
189,2,26,1,1
984,6,20,4,1
579,9,17,7,1
427,3,3,0,0
25,2,3,1,0
823,4,7,10,1
121,0,9,6,0
167,0,2,1,0
705,2,5,10,1
62,2,27,8,1
401,0,3,2,0
26,2,1,1,0
316,3,3,5,1
990,3,24,7,1
261,2,0,2,0
62,0,3,2,0
102,2,0,2,0
613,2,13,5,1
88,5,3,5,0
151,2,3,6,0
247,2,0,1,0
275,2,0,2,0
296,2,3,1,0
295,1,2,5,0
83,2,0,0,0
163,0,0,2,0
272,10,8,4,1
168,2,1,4,0
959,2,30,3,1
132,2,5,6,0
217,0,3,0,0
768,7,19,3,1
364,6,20,3,1
394,8,1,3,1
289,3,3,3,0
87,0,0,1,0
53,0,2,4,0
178,3,20,3,1
285,1,2,1,0
281,1,4,2,0
283,0,2,2,0
95,5,1,0,0
495,6,4,9,1
323,3,25,3,1
107,0,1,2,0
383,8,0,0,1
166,2,0,1,0
31,0,8,4,0
469,4,3,5,1
60,1,3,0,0
124,9,7,5,1
406,0,1,0,0
321,6,23,8,1
344,1,0,0,0
27,1,2,2,0
78,1,9,2,0
460,3,15,4,1
375,1,6,1,0
438,8,26,8,1
357,9,16,1,1
802,2,15,3,1
262,2,3,2,0
597,10,4,7,1
643,5,27,6,1
754,6,17,9,1
166,9,29,7,1
84,1,14,10,1
129,10,1,5,1
203,2,24,2,1
346,1,4,5,0
394,9,5,5,1
273,2,3,2,0
835,8,6,8,1
938,2,6,9,1
243,2,1,2,0
841,4,15,9,1
498,8,17,10,1
371,3,8,6,0
327,0,3,0,0
149,1,7,2,0
127,4,3,1,0
123,4,2,2,0
155,2,17,5,1
262,1,0,0,0
79,4,0,2,0
720,7,8,10,1
59,2,0,0,0
83,0,3,2,0
397,1,1,2,0
701,4,7,7,1
156,2,2,1,0
355,1,15,5,1
138,0,10,9,1
224,5,7,0,0
287,5,14,10,1
848,2,1,4,1
59,1,3,2,0
301,1,9,2,0
195,2,5,0,1
215,1,5,2,0
33,1,6,1,0
208,2,0,2,0
870,3,20,3,1
300,1,1,5,0
233,3,26,5,1
444,7,15,7,1
580,3,26,3,1
285,2,6,2,0
374,4,18,8,1
388,3,21,9,1
849,0,30,2,1
390,7,26,5,1
176,4,5,5,1
621,10,28,2,1
56,9,11,8,1
62,2,2,0,0
164,10,12,9,1
60,3,1,9,1
98,2,0,3,0
234,1,3,1,0
69,0,2,2,0
107,4,18,8,1
49,2,3,2,0
543,5,2,5,1
470,2,0,3,0
183,3,30,0,1
276,4,3,1,0
59,5,3,1,0
410,5,0,10,1
103,4,0,2,0
574,7,0,10,1
153,2,3,1,0
203,2,3,1,0
51,2,24,3,1
197,1,1,4,0
865,5,7,3,1
127,0,0,2,0
661,7,14,7,1
471,6,5,5,1
815,2,13,7,1
240,0,2,0,0
187,2,0,2,0
744,7,17,0,1
173,2,1,1,0
849,2,10,5,1
170,5,21,6,1
601,5,14,0,1
369,6,9,8,1
491,1,10,3,0
475,2,1,1,0
155,9,30,1,1
919,0,16,8,1
346,0,2,9,1
140,10,21,9,1
217,0,9,2,0
174,0,3,6,0
869,2,18,1,1
127,2,15,7,1
288,3,6,1,0
206,0,0,4,0
788,7,25,10,1
220,2,0,2,0
806,10,23,7,1
155,1,1,0,0
110,1,2,5,0
491,0,2,1,0
183,3,4,3,1
125,5,28,5,1
149,2,0,0,0
325,1,0,2,0
92,1,3,1,0
86,2,3,1,0
487,2,0,0,0
218,2,2,1,0
185,4,26,2,1
288,7,18,3,1
241,1,5,1,0
141,6,1,0,1
799,9,1,8,1
25,4,0,5,0
203,2,2,5,0
261,6,5,5,1
99,2,21,7,1
565,10,14,10,1
118,2,1,0,0
55,3,26,7,1
179,9,29,3,1
270,1,2,0,0
293,10,19,2,1
108,0,1,6,0
384,2,1,0,0
137,2,0,0,0
80,3,13,6,1
282,0,5,6,0
133,2,1,0,0
137,3,3,2,0
108,6,9,2,1
106,8,17,3,1
117,2,3,4,0
178,1,2,2,0
146,0,2,1,0
234,4,25,5,1
610,7,4,5,1
299,5,27,10,1
116,10,5,0,1
278,2,3,0,0
412,9,22,10,1
134,8,21,1,1
54,1,3,3,0
246,5,9,3,1
615,9,7,6,1
871,8,6,6,1
149,1,0,1,0
234,1,0,5,0
74,2,3,0,0
214,1,2,3,0
353,2,7,5,1
195,4,3,8,1
172,0,0,3,0
502,2,4,5,1
640,4,2,0,1
130,6,23,4,1
275,1,2,2,0
165,1,3,2,0
198,1,3,9,1
100,3,27,10,1
174,2,1,1,0
286,0,3,2,0
275,10,28,3,1
105,1,2,0,0
292,7,3,10,1
818,4,11,4,1
550,4,19,4,1
164,1,3,1,0
47,3,1,5,0
113,4,0,0,0
610,8,18,3,1
900,2,2,1,1
889,3,20,7,1
731,10,0,8,1
245,0,0,0,0
111,0,3,3,0
203,0,7,2,0
199,0,2,4,0
171,3,15,6,1
133,0,1,0,0
284,2,3,1,0
200,1,5,1,0
994,8,16,0,1
488,0,3,2,0
171,0,1,0,0
476,2,1,9,1
143,4,0,8,1
269,4,1,2,0
123,3,2,2,0
76,5,0,2,0
237,0,6,0,0
731,10,3,0,1
336,4,2,0,0
54,1,6,0,0
734,5,20,5,1
521,7,25,2,1
253,0,2,5,0
240,0,2,1,0
716,3,28,1,1
145,2,2,0,0
290,4,0,0,0
720,5,12,2,1
88,0,1,1,0
162,0,0,0,0
239,1,1,2,0
107,2,0,2,0
78,9,29,9,1
753,1,5,3,1
276,1,7,2,0
87,10,9,8,1
213,0,1,5,1
48,0,0,1,0
280,2,3,2,0
990,4,2,3,1
169,8,25,9,1
80,1,3,2,0
602,10,30,5,1
448,2,11,0,1
825,3,22,10,1
500,4,18,3,1
293,1,3,0,0
508,5,24,8,1
281,1,4,6,0
109,1,2,2,0
284,0,3,6,0
470,1,3,1,0
277,0,1,1,0
486,9,27,3,1
102,2,5,10,1
909,8,13,7,1
38,2,6,1,0
121,10,30,5,1
965,3,14,8,1
242,2,2,2,0
988,8,13,10,1
503,10,13,3,1
859,8,15,0,1
129,2,21,7,1
35,5,3,1,0
468,0,0,0,0
135,3,17,9,1
252,1,2,2,0
125,4,6,10,1
318,9,12,0,1
997,4,30,3,1
200,2,1,2,0
37,1,2,2,0
154,2,23,9,1
274,0,1,1,0
190,2,27,9,1
146,1,2,0,0
657,1,17,3,1
145,0,16,3,1
447,10,5,4,1
199,2,14,6,1
185,1,0,7,1
150,4,16,0,1
125,0,0,0,0
607,9,11,1,1
906,7,6,1,1
63,1,0,2,0
177,10,6,3,1
143,9,27,4,1
226,0,2,2,0
193,1,1,1,0
941,9,8,0,1
247,0,2,5,0
144,0,0,9,1
288,5,0,1,0
671,7,7,9,1
333,10,0,0,1
205,0,0,2,0
739,5,5,5,1
399,5,23,5,1
274,0,19,6,1
538,3,20,5,1
289,0,2,3,0
91,0,1,0,0
215,5,2,5,0
104,1,10,0,0
30,1,2,2,0
168,3,6,0,1
997,0,6,6,1
953,10,29,7,1
517,2,18,10,1
221,1,0,0,0
34,0,0,2,0
159,4,3,0,0
865,2,14,4,1
191,1,0,2,0
143,0,5,8,1
23,4,2,6,0
100,1,1,1,0
457,0,2,0,0
166,2,1,2,0
371,2,9,5,1
152,0,10,2,0
452,3,14,4,1
21,0,1,1,0
266,0,0,3,0
46,0,7,0,0
629,9,21,1,1
188,0,0,2,0
133,0,2,0,0
300,9,4,6,1
293,2,0,1,0
297,0,2,2,0
135,0,3,0,1
97,10,6,7,1
638,7,25,9,1
50,1,1,0,0
88,2,27,7,1
348,6,1,7,1
172,2,8,4,0
174,1,2,3,0
225,4,10,2,0
162,2,3,1,0
73,8,11,9,1
844,10,8,1,1
65,5,2,2,0
212,3,19,7,1
26,1,3,0,0
797,8,20,6,1
179,0,2,0,0
121,7,5,8,1
183,2,0,5,0
82,3,17,6,1
191,6,19,8,1
372,1,2,2,0
23,0,1,1,0
158,2,4,1,0
83,1,2,1,0
352,2,0,5,0
759,2,1,2,1
678,9,16,3,1
127,9,2,7,1
571,10,16,4,1
165,4,3,1,0
614,9,21,4,1
882,7,21,3,1
200,0,6,10,1
100,3,11,8,1
281,0,30,4,1
32,0,3,1,0
80,0,30,2,1
446,1,0,2,0
65,7,15,6,1
865,10,5,6,1
356,10,3,9,1
163,2,25,3,1
150,0,3,2,0
138,2,11,3,1
69,4,1,3,0
178,7,19,9,1
100,0,3,1,0
871,8,5,4,1
468,1,4,1,0
166,0,0,2,0
506,4,12,7,1
318,4,25,6,1
626,7,4,4,1
739,6,30,6,1
268,4,1,1,0
278,2,0,0,0
521,1,5,9,1
336,3,27,0,1
758,3,28,4,1
117,2,24,5,1
119,0,3,1,0
508,10,25,5,1
241,2,10,2,0
624,9,11,9,1
432,2,2,4,0
299,0,8,0,0
338,0,0,0,0
442,0,23,5,1
926,0,20,8,1
137,2,0,6,1
567,1,16,4,1
804,10,15,3,1
101,4,0,5,1
846,3,22,7,1
83,0,3,2,0
730,4,15,0,1
52,0,2,2,0
171,1,1,1,0
496,2,2,2,0
489,2,1,0,0
752,6,24,3,1
204,1,1,0,0
653,9,30,9,1
668,9,1,5,1
635,7,23,1,1
769,3,2,6,1
218,1,6,2,0
267,0,3,6,0
198,5,27,0,1
225,0,3,6,0
61,0,10,3,0
710,2,6,7,1
45,0,0,5,0
378,2,2,1,0
476,10,11,8,1
109,1,1,1,0
144,2,3,1,0
328,2,23,3,1
906,2,2,2,1
694,1,29,5,1
38,2,0,6,0
176,1,8,1,0
882,0,0,9,1
364,1,1,1,0
245,4,16,0,1
445,0,3,2,0
65,3,2,1,0
635,2,9,6,1
617,2,14,6,1
60,6,7,8,1
219,0,2,1,0
304,1,7,0,0
704,2,9,10,1
156,2,3,2,0
228,2,8,0,0
513,5,21,8,1
389,2,18,5,1
769,10,3,5,1
110,9,12,0,1
210,10,21,4,1
183,5,24,9,1
845,9,28,5,1
208,2,8,1,0
85,0,3,1,0
219,1,2,2,0
476,8,18,9,1
257,0,2,0,0
612,6,9,0,1
87,0,3,2,0
265,2,1,2,0
196,10,1,8,1
800,3,15,3,1
560,3,22,9,1
237,0,3,2,0
898,9,8,4,1
278,4,1,3,0
118,1,7,0,0
171,4,8,2,0
973,5,21,8,1
119,0,3,1,0
383,0,19,4,1
217,2,3,2,0
281,1,2,0,0
649,7,11,0,1
259,4,0,1,0
502,6,4,5,1
184,6,13,3,1
168,4,6,0,1
304,3,25,8,1
421,7,17,5,1
142,9,8,8,1
175,1,13,6,1
119,2,9,6,1
146,0,1,2,0
731,0,21,3,1
202,2,0,0,0
414,5,2,7,1
51,2,6,3,1
374,10,30,5,1
132,0,26,5,1
21,0,6,1,0
203,0,10,2,0
714,10,19,3,1
181,2,3,1,0
409,10,25,4,1
730,3,17,10,1
638,4,5,9,1
895,2,23,2,1
193,6,5,2,1
935,9,8,3,1
74,1,0,2,0
291,1,2,4,0
151,3,26,10,1
891,8,10,3,1
103,0,0,1,0
529,5,9,7,1
192,0,17,7,1
40,2,8,1,0
153,0,3,2,0
283,8,30,1,1
799,2,5,8,1
809,2,5,6,1
479,1,0,1,0
850,2,7,9,1
404,1,2,6,0
54,7,14,4,1
212,5,2,0,0
591,9,7,4,1
91,0,3,0,0
174,4,0,1,0
70,2,3,0,0
152,5,0,1,0
296,0,0,5,0
180,2,0,1,0
246,1,7,0,0
176,3,12,3,1
117,1,3,2,0
186,2,5,6,1
272,5,20,5,1
39,2,3,2,0
628,2,15,4,1
85,9,7,3,1
335,8,20,1,1
243,0,3,2,0
159,0,2,1,0
207,6,2,5,1
511,3,26,5,1
27,4,2,4,0
157,1,2,0,0
639,2,2,5,1
300,0,1,1,0
74,3,12,4,1
363,1,1,2,0
131,1,0,1,0
148,3,5,1,0
250,1,3,2,0
688,7,29,3,1
189,4,2,0,0
263,1,3,1,0
130,0,4,2,0
707,9,17,8,1
493,4,30,2,1
29,0,1,2,0
291,9,22,6,1
858,7,20,1,1
794,4,1,0,1
255,0,24,10,1
82,5,30,8,1
636,9,9,6,1
792,4,1,4,1
374,3,17,3,1
247,2,2,0,0
295,4,3,0,0
118,1,1,2,0
138,2,28,7,1
210,4,0,1,0
136,0,1,2,0
122,4,20,8,1
127,2,2,5,0
270,2,1,1,0
230,0,2,5,0
132,3,8,5,1
125,8,28,10,1
242,0,3,0,0
796,3,25,2,1
25,2,7,0,0
263,0,2,2,0
151,3,11,4,1
179,0,3,0,0
149,2,0,0,0
245,4,8,1,0
392,7,10,2,1
153,3,30,3,1
199,2,0,4,1
423,10,5,6,1
454,4,15,2,1
361,3,14,10,1
181,2,1,2,0
812,10,6,3,1
803,0,16,5,1
403,3,4,4,1
432,9,29,10,1
214,2,3,0,0
633,2,19,8,1
277,2,1,2,0
234,2,2,1,0
632,5,29,5,1
171,0,3,1,0
165,1,10,1,0
514,2,11,3,1
59,2,13,9,1
198,3,22,10,1
287,2,0,0,0
784,4,27,3,1
304,10,12,5,1
42,2,3,2,0
666,3,20,4,1
946,7,16,10,1
241,5,26,3,1
184,2,3,2,0
272,1,0,0,0
152,2,23,10,1
694,7,25,10,1
212,2,3,1,0
128,2,1,3,1
75,1,0,2,0
97,2,3,0,0
153,8,24,5,1
97,2,2,0,0
287,1,8,2,0
271,1,9,0,0
245,1,5,5,1
40,4,3,0,0
144,5,29,6,1
97,0,0,0,0
235,1,0,1,0
385,4,12,3,1
242,1,2,1,0
544,1,15,5,1
923,4,22,6,1
169,0,0,2,0
115,6,4,3,1
175,5,6,9,1
878,5,4,5,1
119,9,9,10,1
199,10,15,4,1
908,2,29,9,1
479,1,0,1,0
858,10,30,6,1
121,7,29,3,1
251,2,2,2,0
568,4,17,10,1
510,4,21,9,1
65,2,8,0,0
204,2,0,2,0
546,0,22,7,1
82,2,0,1,0
325,9,11,5,1
937,3,20,4,1
92,0,3,1,0
898,10,25,3,1
576,0,12,3,1
67,0,6,5,0
385,3,25,8,1
74,1,1,1,0
730,0,19,8,1
54,2,3,2,0
33,1,1,1,0
66,3,18,8,1
52,7,12,7,1
232,1,2,0,0
28,0,1,0,0
429,2,1,2,0
447,1,8,2,0
345,3,3,1,0
309,2,26,7,1
250,10,0,4,1
994,2,10,6,1
743,10,15,10,1
132,3,23,3,1
122,5,3,3,1
268,2,1,1,0
299,9,2,3,1
97,2,2,2,0
459,1,0,2,0
484,9,7,10,1
477,10,15,8,1
22,2,0,2,0
243,10,23,7,1
232,0,0,1,0
951,6,21,10,1
576,6,2,5,1
586,10,29,2,1
233,1,2,0,0
283,0,2,0,0
633,8,5,10,1
196,0,1,0,0
59,1,0,1,0
167,0,8,1,0
405,0,5,2,1
173,2,3,0,0
93,0,3,2,0
416,3,5,8,1
887,10,16,3,1
124,2,29,5,1
732,0,5,7,1
56,10,7,4,1
255,2,3,2,0
212,2,0,6,0
522,9,16,10,1
363,2,0,0,0
131,1,2,4,0
308,0,2,2,0
758,10,26,0,1
475,7,15,10,1
28,1,2,2,0
110,5,0,1,0
744,2,23,0,1
123,0,0,2,0
50,9,7,5,1
139,8,2,0,1
888,2,10,0,1
473,10,11,4,1
451,1,29,10,1
225,3,2,1,0
726,2,22,4,1
165,0,3,1,0
822,9,20,5,1
908,2,27,9,1
110,5,0,2,0
638,5,29,8,1
740,9,17,3,1
143,6,20,3,1
188,7,10,7,1
371,0,4,6,1
121,10,19,0,1
72,2,17,1,1
707,3,23,8,1
295,0,2,1,0
131,5,26,3,1
412,1,2,2,0
210,0,0,4,0
868,7,3,9,1
101,8,29,7,1
356,2,1,8,1
238,0,2,2,0
632,0,24,4,1
300,4,18,6,1
72,2,1,2,0
81,0,9,1,0
210,0,0,1,0
273,0,1,2,0
76,0,7,6,0
143,10,28,8,1
144,0,8,2,0
216,2,0,0,0
196,0,1,2,0
542,2,22,3,1
113,0,3,2,0
71,2,0,1,0
415,4,21,10,1
123,10,9,4,1
532,9,15,10,1
431,1,18,10,1
545,7,19,3,1
422,2,1,0,0
613,8,12,8,1
259,1,0,0,0
33,1,2,2,0
35,5,1,1,0
460,2,9,8,1
610,4,25,3,1
106,8,3,6,1
118,2,6,8,1
469,0,10,3,1
133,2,1,0,1
452,10,3,4,1
892,9,20,3,1
285,0,0,2,0
226,0,3,0,0
204,0,3,1,0
155,0,7,0,0
175,2,2,2,0
298,0,1,1,0
194,1,4,5,0
819,8,14,7,1
233,4,8,2,0
103,2,2,2,0
471,2,9,6,1
224,4,26,2,1
122,4,0,4,0
948,8,2,8,1
609,6,5,2,1
184,4,1,2,0
424,10,1,7,1
109,1,5,2,0
292,1,3,0,0
138,5,14,0,1
42,1,3,1,0
776,7,28,7,1
72,2,3,2,0
237,0,7,2,0
459,7,22,7,1
257,2,0,1,0
292,2,0,5,0
549,3,22,5,1
64,9,10,6,1
295,2,23,4,1
959,2,30,6,1
888,7,9,8,1
82,0,24,6,1
262,0,3,0,0
63,0,17,4,1
82,0,2,1,0
83,1,1,0,0
250,2,8,1,0
262,2,2,2,0
41,1,3,3,0
453,6,8,7,1
67,8,23,7,1
41,0,1,2,0
910,7,24,4,1
256,1,3,1,0
316,8,22,4,1
315,3,21,3,1
335,2,1,1,0
934,7,11,4,1
288,2,2,2,0
613,8,15,4,1
218,2,0,4,0
751,6,1,9,1
638,2,13,10,1
387,1,3,0,0
149,1,3,2,0
286,2,1,2,0
102,1,1,1,0
101,5,0,8,1
191,10,25,3,1
125,2,12,3,1
162,4,25,6,1
258,5,9,2,0
295,2,1,3,0
96,2,0,5,0
184,3,2,2,0
115,6,20,3,1
331,2,1,1,0
658,3,16,10,1
93,0,0,4,0
204,2,1,2,0
134,9,11,1,1
290,1,2,2,0
230,2,3,1,0
207,2,2,2,0
111,2,0,3,0
101,3,0,1,1
76,3,5,9,1
288,3,1,1,0
356,10,17,4,1
367,3,2,2,0
191,1,1,2,0
198,4,27,10,1
151,10,8,1,1
221,7,1,6,1
57,5,12,7,1
740,8,14,6,1
194,2,1,0,0
64,1,2,2,0
889,3,16,8,1
439,5,7,7,1
215,1,1,0,0
124,1,2,1,0
20,1,3,0,0
513,4,4,1,1
741,2,21,8,1
148,2,9,5,1
129,2,0,1,0
158,3,0,1,0
272,1,1,2,0
130,1,3,2,0
168,0,0,1,0
64,0,0,2,0
163,3,1,4,0
983,3,14,5,1
158,3,10,5,1
171,1,7,0,0
78,3,3,9,1
44,0,0,6,0
606,2,21,0,1
123,0,3,0,0
251,1,0,0,0
167,2,3,4,0
737,2,22,1,1
369,2,4,6,0
285,1,2,1,0
988,6,0,3,1
163,0,3,4,0
893,9,6,10,1
183,2,2,5,0
174,4,14,8,1
545,4,4,8,1
276,8,14,6,1
270,0,4,5,0
204,3,1,2,0
126,0,0,1,0
62,1,1,2,0
181,2,0,2,0
375,5,24,1,1
580,9,26,4,1
190,3,3,2,0
133,0,20,6,1
418,7,20,3,1
590,2,30,8,1
23,3,0,1,0
121,1,2,3,0
676,5,24,5,1
599,4,15,10,1
401,4,20,7,1
663,8,21,6,1
169,9,12,8,1
115,2,6,0,1
135,2,2,1,0
615,9,12,4,1
150,2,10,1,0
123,7,3,3,1
735,7,28,4,1
227,1,0,4,0
288,10,21,3,1
195,1,0,0,0
712,7,23,10,1
696,6,7,4,1
122,2,2,2,0
162,2,3,5,0
880,5,22,5,1
159,1,1,1,0
158,9,25,9,1
212,3,7,0,0
194,1,3,1,0
214,1,2,1,0
464,2,3,1,0
36,2,2,6,0
888,2,8,5,1
168,4,13,2,1
85,9,0,7,1
260,8,5,4,1
307,7,7,3,1
211,4,1,0,0
505,4,25,6,1
665,2,23,0,1
188,1,0,2,0
49,2,3,2,0
623,3,7,2,1
167,2,13,1,1
677,7,28,7,1
193,10,7,4,1
262,2,0,0,0
662,5,6,7,1
599,7,9,9,1
481,7,6,4,1
239,1,0,2,0
286,1,1,0,0
238,1,2,1,0
895,5,21,4,1
489,5,28,0,1
215,2,1,1,0
574,4,27,8,1
180,3,2,0,0
180,2,5,8,1
148,2,1,1,0
393,10,5,4,1
191,2,0,2,0
123,1,2,0,0
414,3,14,3,1
205,7,13,7,1
505,5,7,10,1
82,2,3,2,0
195,0,7,1,0
52,2,0,0,0
116,10,25,7,1
420,3,20,1,1
251,3,27,6,1
901,3,28,6,1
208,1,5,2,0
145,1,2,0,0
282,4,26,6,1
482,2,1,2,0
256,6,7,2,1
113,0,2,4,0
52,2,2,2,0
343,4,13,7,1
167,3,29,3,1
540,6,8,8,1
625,3,2,10,1
253,0,3,0,0
256,2,3,1,0
732,4,11,1,1
277,8,15,3,1
30,0,1,1,0
869,3,26,6,1
210,3,5,0,0
278,5,2,0,0
291,2,2,4,0
900,3,13,3,1
165,1,1,2,0
380,4,4,7,1
213,0,0,4,0
206,1,1,2,0
892,7,24,8,1
444,8,0,6,1
259,3,3,3,0
171,6,14,10,1
273,2,0,0,0
67,4,7,2,0
246,2,2,2,0
428,9,5,2,1
923,2,26,10,1
243,4,14,3,1
324,8,19,10,1
71,1,2,2,0
396,4,11,7,1
395,1,3,4,0
218,2,3,1,0
197,10,21,8,1
360,2,1,5,0
123,4,30,8,1
67,1,0,4,0
229,0,1,2,0
343,5,5,0,0
179,2,20,0,1
212,9,26,7,1
247,2,0,0,0
137,2,2,0,0
68,1,1,2,0
647,3,22,8,1
656,7,29,5,1
421,2,3,0,0
156,2,2,1,0
457,2,1,2,0
410,0,0,2,0
234,4,29,5,1
675,9,26,2,1
43,1,1,0,0
425,1,2,0,0
202,3,8,6,1
632,4,24,4,1
187,2,3,0,0
569,7,10,5,1
114,0,2,0,0
204,1,2,0,0
180,3,30,5,1
691,3,26,3,1
393,5,8,10,1
671,6,18,0,1
954,9,8,6,1
228,2,8,6,0
784,9,6,3,1
197,0,3,0,0
545,5,23,10,1
616,4,30,5,1
93,2,1,2,0
294,0,1,2,0
39,0,4,0,0
84,3,7,2,0
553,3,9,10,1
75,1,4,0,0
81,1,8,0,0
385,2,1,2,0
363,0,2,0,0
459,1,0,2,0
349,10,25,6,1
178,2,5,3,1
885,1,25,4,1
458,5,22,9,1
452,4,20,5,1
224,5,3,1,0
648,7,21,4,1
208,0,3,3,0
58,1,0,1,0
272,0,1,2,0
686,5,23,9,1
296,1,0,1,0
691,7,26,10,1
77,7,4,1,1
35,0,1,1,0
622,5,1,7,1
688,9,28,9,1
53,0,0,1,0
216,7,23,10,1
25,0,2,0,0
592,7,3,3,1
957,1,9,2,1
188,1,3,2,0
309,3,3,10,1
863,10,0,7,1
182,2,9,10,1
88,1,25,10,1
34,1,2,0,0
98,5,14,5,1
170,2,11,10,1
61,1,2,2,0
435,2,0,1,0
167,3,4,4,1
911,3,17,4,1
138,7,28,4,1
247,1,1,4,0
299,1,2,0,0
35,1,0,2,0
162,1,1,3,0
282,0,1,4,0
528,4,17,7,1
572,0,5,5,1
30,2,1,0,0
26,4,1,1,0
665,6,23,2,1
60,1,0,0,0
198,1,7,3,0
31,5,1,6,0
240,1,1,1,0
198,2,9,2,0
132,1,2,1,0
181,0,2,2,0
245,5,2,0,0
298,2,6,1,0
143,4,5,4,1
337,3,9,7,1
973,9,27,9,1
336,3,3,4,0
163,2,3,2,0
137,7,18,7,1
474,7,27,5,1
136,9,10,3,1
164,2,4,2,0
775,5,12,2,1
90,2,21,6,1
460,4,0,1,0
75,0,2,1,0
269,2,3,2,0
319,1,3,2,0
644,8,15,4,1
198,6,19,1,1
337,9,25,4,1
29,1,3,2,0
106,3,3,1,0
918,6,1,5,1
83,5,1,2,0
260,1,2,2,0
440,1,3,2,0
909,7,5,2,1
333,10,13,6,1
103,10,5,7,1
133,1,5,0,0
925,3,23,2,1
592,9,26,6,1
329,3,1,2,0
277,1,5,2,0
523,7,18,7,1
325,2,3,0,0
268,5,5,6,1
555,2,17,3,1
66,0,0,2,0
174,4,7,2,0
246,1,2,4,0
382,5,4,9,1
159,0,23,0,1
893,2,12,9,1
793,3,20,3,1
112,3,12,3,1
125,2,2,2,0
698,8,14,0,1
263,2,3,0,0
275,2,0,0,0
736,2,25,5,1
125,1,1,0,0
865,9,5,3,1
519,6,8,6,1
368,2,26,9,1
75,3,7,6,1
63,1,2,0,0
82,3,26,9,1
210,3,5,9,1
516,9,2,4,1
425,1,0,0,0
83,4,2,0,0
209,0,8,1,0
138,9,5,9,1
488,8,20,1,1
438,4,1,0,0
432,0,2,0,0
699,3,5,3,1
912,9,5,9,1
302,9,22,8,1
279,2,1,1,0
405,1,3,2,0
168,4,2,1,0
119,4,4,3,1
189,2,3,2,0
44,0,0,2,0
149,5,21,9,1
192,1,3,0,0
265,3,3,2,0
543,10,9,8,1
90,3,7,5,1
657,9,29,3,1
238,2,2,5,0
294,4,15,9,1
157,2,24,6,1
78,6,21,3,1
45,2,3,4,0
261,1,3,0,0
262,5,6,0,1
247,2,4,1,0
223,2,1,2,0
749,2,0,4,1
224,0,3,2,0
81,5,23,3,1
136,4,16,10,1
40,2,1,1,0
164,2,0,0,0
186,6,7,7,1
869,10,8,3,1
271,2,2,0,0
153,1,8,2,0
492,10,5,3,1
258,2,2,4,0
184,9,28,7,1
214,0,7,1,0
221,1,4,1,0
415,6,29,6,1
510,2,27,3,1
268,0,1,0,0
332,7,5,6,1
375,2,0,2,0
25,5,2,1,0
141,7,19,3,1
745,2,5,7,1
227,3,1,1,0
101,1,0,0,0
169,2,0,2,0
129,6,20,1,1
496,1,0,0,0
205,1,0,2,0
832,4,25,7,1
171,1,0,5,1
565,7,20,1,1
933,3,29,4,1
414,4,13,10,1
474,9,19,7,1
406,6,13,1,1
273,2,10,2,0
532,7,25,4,1
126,1,2,1,0
215,1,1,0,0
96,1,10,1,0
56,0,3,2,0
152,2,1,2,0
268,0,0,2,0
47,5,0,0,0
414,8,11,10,1
419,2,10,3,1
187,5,23,10,1
699,4,11,10,1
735,10,29,1,1
679,7,14,7,1
134,1,1,3,0
226,0,0,4,0
220,9,24,2,1
375,2,0,0,0
504,3,0,10,1
57,5,16,6,1
321,9,11,6,1
153,2,0,4,0
428,1,0,1,0
659,1,13,5,1
186,0,4,0,0
283,4,2,2,0
611,4,21,5,1
326,1,0,1,0
170,6,27,7,1
243,2,2,4,0
105,7,21,3,1
474,2,3,0,0
714,2,16,9,1
163,5,0,1,0
302,7,15,0,1
458,9,16,5,1
168,0,7,10,1
62,2,3,0,0
446,6,7,9,1
322,5,2,1,0
275,1,5,0,0
183,2,0,1,0
114,7,5,7,1
132,0,0,1,0
291,4,1,10,1
134,2,3,2,0
857,2,25,0,1
147,4,6,3,1
587,6,1,10,1
487,5,6,3,1
342,1,2,0,0
27,1,6,2,0
135,3,23,9,1
324,1,10,3,1
141,0,12,4,1
180,5,7,10,1
143,2,1,1,0
807,7,22,4,1
434,8,20,9,1
106,0,1,3,0
283,1,1,1,0
151,1,3,6,0
308,3,19,3,1
257,2,2,2,0
491,3,3,1,0
184,0,4,0,0
153,0,3,1,0
154,5,0,2,0
78,1,3,1,0
195,9,0,8,1
715,6,26,5,1
749,4,1,10,1
284,2,6,1,0
245,1,3,1,0
273,1,1,2,0
50,0,1,0,0
259,0,1,6,0
140,3,24,8,1
239,2,26,10,1
99,2,3,3,0
244,0,0,0,0
50,10,0,4,1
359,0,2,2,0
427,0,29,4,1
600,5,24,8,1
283,4,26,6,1
990,3,6,5,1
133,2,0,0,0
232,0,3,1,0
637,4,7,9,1
177,2,3,1,0
270,2,3,1,0
449,5,26,4,1
69,7,27,6,1
721,4,21,9,1
168,1,0,1,0
531,4,10,1,1
173,9,11,1,1
212,10,6,3,1
226,0,25,8,1
188,2,17,9,1
100,1,0,1,0
52,3,0,2,0
858,5,12,3,1
188,1,1,1,0
145,1,2,0,0
109,2,5,2,1
204,1,1,3,0
107,0,2,0,0
239,2,1,4,0
750,3,18,3,1
89,10,28,4,1
131,10,16,7,1
458,1,3,9,1
279,9,14,3,1
190,3,2,4,0
106,10,11,10,1
214,2,0,0,0
129,3,14,3,1
183,0,2,0,0
366,3,0,5,1
107,6,14,3,1
134,4,3,1,0
448,2,10,4,0
614,0,16,5,1
161,0,2,0,0
454,3,7,2,1
197,3,3,2,0
122,8,12,8,1
60,0,0,0,0
759,8,11,8,1
306,5,8,0,0
953,8,9,4,1
610,8,20,5,1
368,1,4,1,0
284,9,26,6,1
290,1,3,6,0
142,1,21,0,1
743,3,4,1,1
839,2,7,9,1
80,2,0,2,0
313,1,10,2,0
127,0,3,6,0
591,1,18,9,1
686,8,14,10,1
294,0,2,1,0
989,10,6,2,1
251,8,10,9,1
177,3,19,4,1
172,3,2,2,0
37,2,2,2,0
56,3,1,5,1
703,9,27,3,1
565,6,7,7,1
300,2,1,4,0
640,2,29,7,1
523,2,12,4,1
531,3,17,7,1
170,5,1,0,0
178,2,1,2,0
274,2,2,5,1
236,0,1,3,0
131,2,6,6,1
735,7,16,2,1
779,0,6,2,1
557,2,25,1,1
267,1,4,1,0
25,2,0,2,0
638,5,22,3,1
211,5,3,1,0
237,8,10,3,1
856,6,4,4,1
166,0,22,7,1
960,1,5,3,1
195,10,25,3,1
166,1,2,4,0
78,1,10,2,0
419,8,8,6,1
70,4,5,6,1
97,8,9,4,1
493,3,1,4,0
125,2,3,6,0
473,1,0,1,0
477,2,29,3,1
225,2,27,10,1
523,10,19,10,1
109,2,17,6,1
154,9,25,10,1
295,2,2,1,0
242,1,1,4,0
425,0,2,1,0
192,1,9,2,0
686,6,20,7,1
237,1,0,1,0
195,0,0,1,0
139,2,10,0,0
470,3,22,10,1
307,9,17,4,1
645,2,9,3,1
819,3,28,0,1
66,3,26,9,1
322,9,2,10,1
130,1,2,2,0
226,2,3,2,0
447,2,0,0,0
146,5,10,5,0
39,2,1,0,0
217,1,1,2,0
875,2,21,7,1
168,1,29,4,1
192,1,0,2,0
314,0,8,5,1
48,5,9,1,0
540,8,0,8,1
200,4,0,2,0
170,2,16,5,1
560,3,23,9,1
418,0,2,2,0
682,3,13,10,1
269,2,3,2,0
176,0,1,1,0
747,8,18,5,1
207,0,2,0,0
735,5,20,5,1
185,1,1,3,0
593,4,20,3,1
459,2,0,1,0
270,2,2,4,0
174,0,2,1,0
753,4,0,2,1
818,6,7,0,1
341,4,8,2,0
105,10,15,3,1
78,2,3,2,0
538,2,16,0,1
174,2,2,2,0
867,2,1,8,1
859,1,28,5,1
221,0,2,1,0
123,1,3,1,0
160,2,2,0,0
269,0,1,0,0
490,5,7,7,1
612,7,16,0,1
124,2,0,2,0
533,2,5,4,1
222,4,3,2,0
36,0,3,2,0
830,5,29,5,1
328,1,2,1,0
97,2,1,1,0
143,0,4,0,0
832,4,16,1,1
197,6,14,4,1
553,1,6,3,1
158,2,8,3,1
652,3,26,1,1
148,2,7,1,0
126,0,1,2,0
452,6,12,6,1
288,1,2,4,0
133,3,20,1,1
393,8,10,3,1
157,1,1,1,0
435,9,6,5,1
282,2,1,0,0
250,3,7,0,0
951,8,8,6,1
314,2,8,0,0
836,1,0,7,1
622,9,22,7,1
223,0,6,0,0
603,10,11,3,1
74,0,2,0,0
295,2,1,1,0
112,3,13,7,1
208,4,1,2,0
171,1,2,0,0
937,2,10,7,1
158,2,1,2,0
134,2,16,2,1
141,9,5,1,1
66,0,1,2,0
242,2,3,0,0
177,0,1,1,0
289,0,0,0,0
20,3,2,1,0
885,3,14,5,1
904,3,23,7,1
232,6,29,9,1
242,0,0,2,0
376,4,30,10,1
791,8,19,8,1
881,5,26,4,1
112,1,0,6,0
318,2,3,0,0
182,2,0,5,0
900,9,6,6,1
708,3,7,8,1
330,10,10,5,1
247,0,0,0,0
532,4,26,3,1
359,0,0,0,1
126,3,21,9,1
77,2,0,0,0
44,0,3,4,0
237,3,1,0,0
240,4,0,1,1
290,0,0,2,0
130,2,0,0,0
205,0,2,1,0
139,1,0,1,0
677,4,25,3,1
172,0,1,2,0
589,3,24,5,1
93,1,5,1,0
579,3,7,10,1
891,8,5,2,1
529,3,0,8,1
100,2,1,2,0
50,10,4,6,1
67,2,0,0,0
474,8,23,6,1
256,0,1,1,0
454,2,0,5,0
87,0,1,0,0
152,2,1,6,0
256,4,3,8,1
812,7,11,6,1
72,2,0,2,0
943,7,30,4,1
186,0,2,1,0
291,3,0,6,0
966,10,20,10,1
849,7,0,4,1
165,0,2,0,0
573,10,30,3,1
208,0,0,0,0
504,2,29,7,1
781,8,22,2,1
136,2,0,5,0
551,3,29,6,1
56,3,1,2,0
232,1,0,1,0
343,0,2,1,0
991,5,26,3,1
636,7,21,7,1
379,3,14,10,1
583,2,10,6,1
734,3,22,8,1
230,0,3,2,0
274,0,3,1,0
411,1,3,2,0
803,10,1,8,1
92,4,5,2,0
100,2,2,1,0
207,4,3,0,0
156,2,11,10,1
633,8,19,7,1
971,0,13,3,1
718,7,26,3,1
115,1,3,1,0
23,1,2,0,0
350,6,1,7,1
483,0,15,7,1
165,2,3,5,0
945,2,9,1,1
999,6,11,6,1
218,4,3,1,0
702,2,4,7,1
60,3,25,9,1
188,2,22,6,1
846,2,23,1,1
249,0,3,2,0
68,2,3,2,0
260,5,2,2,0
223,1,6,3,0
45,0,2,0,0
164,2,3,1,0
303,2,12,9,1
679,10,7,6,1
60,1,3,0,0
260,0,3,5,0
242,0,1,1,0
71,2,0,2,0
383,1,1,0,0
45,0,2,2,0
387,0,2,0,0
128,4,2,5,0
1000,0,30,6,1
433,4,3,10,1
64,1,5,2,0
95,2,3,0,0
183,2,9,0,0
876,7,0,8,1
128,5,4,3,1
199,7,5,4,1
350,7,13,8,1
247,1,3,0,0
336,0,22,3,1
670,2,13,10,1
156,1,0,2,0
395,4,6,10,1
227,2,0,2,0
651,9,11,10,1
106,1,1,0,0
164,7,10,6,1
426,10,29,2,1
247,1,2,2,0
414,1,1,0,0
326,1,2,0,0
860,3,23,5,1
114,0,0,0,0
127,0,2,2,0
99,1,0,2,0
260,2,2,0,0
773,7,1,4,1
903,5,5,3,1
197,2,3,1,0
213,2,1,1,0
604,5,23,8,1
182,2,26,10,1
794,2,6,9,1
206,3,1,1,0
142,9,24,10,1
534,3,6,0,1
37,1,3,2,0
507,3,3,10,1
50,2,23,7,1
192,9,13,8,1
250,10,29,5,1
240,1,1,1,0
99,0,1,1,0
252,2,26,6,1
322,0,2,4,0
91,5,4,4,1
749,1,4,3,1
213,1,0,0,0
240,0,3,5,0
835,10,4,8,1
161,5,8,6,1
110,0,3,1,0
84,0,0,0,0
491,3,2,2,0
730,8,20,4,1
78,1,1,2,0
860,6,26,8,1
913,8,3,8,1
180,8,30,9,1
429,7,26,10,1
146,0,3,0,0
235,0,0,1,0
782,1,14,5,1
92,3,29,10,1
630,6,22,4,1
474,6,7,7,1
191,0,3,2,0
687,3,13,1,1
118,8,3,0,1
988,3,14,4,1
148,2,3,2,0
303,8,23,8,1
842,2,23,0,1
856,10,13,0,1
224,1,0,2,0
399,9,21,2,1
507,0,21,8,1
905,4,11,8,1
608,10,8,6,1
435,0,1,2,0
152,1,3,2,0
47,2,0,2,0
174,6,29,5,1
61,3,0,6,1
210,2,3,4,0
664,10,6,7,1
393,7,20,4,1
157,0,23,8,1
250,2,3,1,0
182,2,5,2,0
614,4,28,0,1
283,0,0,1,0
139,5,3,2,0
716,0,2,6,1
252,2,0,0,0
186,1,4,2,0
283,5,3,0,0
244,1,0,0,0
760,2,24,3,1
393,4,6,9,1
810,7,8,9,1
436,9,29,5,1
283,3,11,9,1
31,0,3,1,0
123,2,2,0,0
84,2,0,3,1
594,6,19,3,1
257,3,1,1,0
458,6,5,6,1
142,2,1,0,0
20,1,2,2,0
151,1,2,6,0
967,9,19,9,1
188,2,1,2,0
897,7,4,10,1
420,2,0,1,0
66,0,1,0,0
195,7,17,5,1
125,5,8,3,1
394,8,27,9,1
43,2,1,1,0
652,8,3,6,1
659,2,27,3,1
242,1,1,3,0
124,1,1,2,0
446,0,4,2,0
156,3,9,5,1
370,0,2,2,0
265,2,1,0,0
106,5,3,1,0
45,0,1,2,0
30,1,3,0,0
623,8,10,2,1
68,0,0,2,0
173,5,1,2,0
273,2,3,1,0
706,4,6,7,1
930,0,5,7,1
818,4,7,5,1
106,2,0,6,0
605,7,16,7,1
166,2,7,1,0
553,4,25,4,1
248,10,3,3,1
338,6,25,4,1
160,1,2,2,0
578,9,21,10,1
369,0,3,2,0
408,1,0,1,0
120,0,2,0,0
137,2,0,0,0
60,2,3,2,0
573,2,27,5,1
770,9,0,7,1
393,0,2,5,0
301,9,6,7,1
718,5,11,9,1
345,2,8,6,1
758,2,21,3,1
581,0,13,6,1
65,2,2,2,0
247,1,7,6,1
193,0,0,2,0
231,1,20,5,1
138,0,3,2,0
896,3,17,8,1
744,6,2,3,1
159,2,2,1,0
337,1,4,3,1
98,0,8,1,0
249,7,10,9,1
420,0,11,4,1
104,2,3,0,0
42,2,1,0,0
248,3,19,6,1
720,0,30,3,1
231,1,3,6,0
646,4,25,9,1
388,1,9,8,1
294,1,2,1,0
738,3,2,8,1
108,1,4,0,0
174,4,3,4,0
129,1,3,4,0
181,8,6,6,1
248,4,10,1,0
200,0,0,2,0
241,4,5,6,1
895,4,22,2,1
182,1,1,1,0
290,0,9,3,0
156,1,9,1,0
695,3,25,10,1
257,1,10,1,0
33,0,1,1,0
205,5,16,7,1
170,6,6,8,1
141,1,10,0,0
88,4,0,1,0
187,1,0,2,0
161,3,26,8,1
71,5,2,1,0
676,4,9,4,1
506,10,9,10,1
704,5,30,2,1
187,0,8,2,0
279,6,10,7,1
78,2,3,2,0
218,1,3,3,0
232,2,4,2,0
190,9,22,8,1
360,2,27,8,1
612,8,28,9,1
183,0,2,0,0
76,0,2,2,0
150,2,3,1,0
715,9,28,5,1
427,3,16,6,1
121,6,20,9,1
156,2,4,8,1
159,6,19,7,1
265,2,2,4,0
184,1,0,8,1
95,1,3,1,0
207,0,0,2,0
200,2,2,5,0
248,0,5,4,0
176,2,1,2,0
199,2,2,0,0
203,0,2,6,0
982,4,15,5,1
107,1,1,0,0
187,0,2,2,0
582,9,9,3,1
387,3,19,3,1
663,6,22,9,1
94,0,0,0,0
897,4,8,3,1
978,6,3,3,1
485,1,2,1,0
116,1,11,0,1
114,4,6,7,1
456,7,24,9,1
164,2,26,10,1
429,4,21,9,1
155,2,25,8,1
226,4,8,9,1
465,6,12,6,1
235,0,1,3,0
168,2,1,2,0
242,1,0,0,0
182,1,0,1,0
284,2,3,4,0
130,2,11,3,1
55,7,22,10,1
888,8,5,6,1
99,0,1,1,0
161,4,22,3,1
140,8,25,7,1
655,1,28,3,1
160,1,1,0,0
672,5,13,10,1
170,8,23,4,1
205,4,3,3,1
179,2,10,0,0
892,6,8,6,1
187,4,9,5,1
279,2,0,2,0
409,0,3,3,0
80,4,19,6,1
161,9,17,9,1
193,2,0,8,1
996,4,19,3,1
503,5,20,6,1
334,5,5,9,1
912,2,3,5,1
169,1,0,6,0
186,8,1,7,1
144,8,27,10,1
288,0,3,2,0
340,1,3,6,0
232,2,30,6,1
142,0,0,2,0
159,3,0,2,0
70,2,7,2,0
909,4,25,4,1
198,3,3,2,0
226,1,10,1,0
115,1,5,0,0
55,2,10,5,0
141,0,1,1,0
421,10,9,3,1
53,1,3,2,0
104,1,3,1,0
83,1,0,0,0
483,0,2,6,0
96,1,2,6,0
529,2,30,9,1
322,9,22,9,1
856,3,1,6,1
124,0,4,3,0
905,4,5,8,1
633,1,19,2,1
394,8,25,8,1
784,4,12,10,1
128,2,2,2,0
241,2,0,2,0
412,6,6,4,1
21,0,1,2,0
156,2,2,5,0
231,8,6,7,1
110,6,10,8,1
251,5,5,0,0
313,1,2,1,0
308,1,3,6,0
441,7,27,1,1
280,2,2,2,0
380,2,5,2,0
163,2,0,0,0
644,2,23,6,1
652,10,12,6,1
296,3,17,0,1
83,2,23,3,1
32,0,4,2,0
405,7,17,8,1
38,1,3,2,0
60,1,2,2,0
93,1,0,2,0
32,2,3,2,0
992,1,18,1,1
882,9,23,2,1
197,2,3,5,0
138,0,4,1,0
149,1,0,1,0
42,1,1,2,0
158,1,2,2,0
180,1,2,0,0
212,4,3,0,0
972,8,1,8,1
243,1,1,0,0
911,0,5,8,1
115,0,3,0,0
743,6,7,0,1
261,0,0,4,0
981,3,13,7,1
230,1,2,2,0
241,2,3,1,0
273,4,6,8,1
30,4,1,1,0
182,9,27,0,1
218,1,7,3,0
238,1,7,2,0
721,3,27,3,1
616,7,5,4,1
402,2,3,2,0
233,0,3,2,0
131,2,27,10,1
785,5,17,4,1
337,0,9,0,0
185,1,2,2,0
208,2,1,0,0
132,0,10,0,0
593,5,3,10,1
238,3,11,9,1
231,4,0,1,0
24,4,0,5,0
220,2,0,1,0
962,8,5,5,1
422,5,1,0,0
132,2,2,0,0
179,4,13,10,1
280,1,0,1,0
263,2,1,1,0
637,5,8,10,1
153,4,3,2,0
495,0,2,6,0
52,10,2,2,1
85,1,3,3,0
745,2,10,8,1
140,1,3,4,0
28,4,1,1,0
314,6,26,10,1
39,4,0,1,0
306,2,7,0,0
631,6,22,0,1
141,2,2,1,0
243,1,5,2,0
840,7,24,5,1
866,7,5,8,1
239,1,8,1,0
949,8,19,9,1
192,2,3,2,0
71,2,2,1,0
997,6,6,7,1
244,6,6,3,1
305,1,5,7,1
258,1,1,1,0
131,5,10,2,1
109,1,1,0,0
809,2,28,6,1
347,9,8,0,1
81,10,22,8,1
164,10,16,8,1
130,2,0,2,0
962,10,24,3,1
223,1,3,1,0
239,1,3,6,0
612,10,20,4,1
875,3,30,8,1
123,9,2,3,1
100,1,0,0,0
154,7,21,8,1
613,2,10,9,1
78,8,17,2,1
59,0,20,7,1
67,7,22,9,1
147,2,21,5,1
107,2,0,2,0
573,5,27,4,1
217,2,1,2,0
629,9,7,2,1
80,2,3,0,0
208,7,14,10,1
147,0,0,1,0
83,10,23,10,1
109,3,2,0,1
267,2,1,0,0
701,1,23,7,1
127,2,26,7,1
439,3,27,9,1
665,7,29,10,1
121,5,3,0,0
201,2,1,2,0
119,2,3,1,0
438,1,1,1,0
283,2,0,3,0
128,1,3,0,0
61,1,2,1,0
615,2,14,4,1
119,8,24,8,1
29,1,3,2,0
271,4,4,2,0
588,3,11,6,1
167,2,0,1,0
179,4,1,2,0
157,2,13,5,1
333,3,5,4,1
38,1,3,2,0
39,0,0,0,0
282,4,26,6,1
372,9,21,5,1
253,2,0,1,0
146,4,0,6,0
282,1,0,0,0
249,0,3,3,0
247,0,1,4,0
721,3,5,0,1
401,0,1,0,0
222,3,26,9,1
242,1,1,2,0
125,1,27,4,1
201,2,16,8,1
72,7,7,1,1
250,4,19,5,1
92,3,17,5,1
65,0,4,2,0
229,3,24,6,1
431,4,5,5,1
38,1,2,1,0
220,2,2,1,0
349,8,7,2,1
533,4,5,5,1
73,1,3,1,0
860,5,16,6,1
244,2,1,2,0
371,0,1,3,1
331,3,8,10,1
101,1,7,7,1
267,3,1,6,0
189,0,2,0,0
275,0,1,3,0
819,9,15,4,1
